At least,But less than,Single,Married filing jointly,Married filing separately,Head of a house hold
0,5,0,0,0,0
5,15,1,1,1,1
15,25,2,2,2,2
25,50,4,4,4,4
50,75,6,6,6,6
75,100,9,9,9,9
100,125,11,11,11,11
125,150,14,14,14,14
150,175,16,16,16,16
175,200,19,19,19,19
200,225,21,21,21,21
225,250,24,24,24,24
250,275,26,26,26,26
275,300,29,29,29,29
300,325,31,31,31,31
325,350,34,34,34,34
350,375,36,36,36,36
375,400,39,39,39,39
400,425,41,41,41,41
425,450,44,44,44,44
450,475,46,46,46,46
475,500,49,49,49,49
500,525,51,51,51,51
525,550,54,54,54,54
550,575,56,56,56,56
575,600,59,59,59,59
600,625,61,61,61,61
625,650,64,64,64,64
650,675,66,66,66,66
675,700,69,69,69,69
700,725,71,71,71,71
725,750,74,74,74,74
750,775,76,76,76,76
775,800,79,79,79,79
800,825,81,81,81,81
825,850,84,84,84,84
850,875,86,86,86,86
875,900,89,89,89,89
900,925,91,91,91,91
925,950,94,94,94,94
950,975,96,96,96,96
975,1000,99,99,99,99
1000,1025,101,101,101,101
1025,1050,104,104,104,104
1050,1075,106,106,106,106
1075,1100,109,109,109,109
1100,1125,111,111,111,111
1125,1150,114,114,114,114
1150,1175,116,116,116,116
1175,1200,119,119,119,119
1200,1225,121,121,121,121
1225,1250,124,124,124,124
1250,1275,126,126,126,126
1275,1300,129,129,129,129
1300,1325,131,131,131,131
1325,1350,134,134,134,134
1350,1375,136,136,136,136
1375,1400,139,139,139,139
1400,1425,141,141,141,141
1425,1450,144,144,144,144
1450,1475,146,146,146,146
1475,1500,149,149,149,149
1500,1525,151,151,151,151
1525,1550,154,154,154,154
1550,1575,156,156,156,156
1575,1600,159,159,159,159
1600,1625,161,161,161,161
1625,1650,164,164,164,164
1650,1675,166,166,166,166
1675,1700,169,169,169,169
1700,1725,171,171,171,171
1725,1750,174,174,174,174
1750,1775,176,176,176,176
1775,1800,179,179,179,179
1800,1825,181,181,181,181
1825,1850,184,184,184,184
1850,1875,186,186,186,186
1875,1900,189,189,189,189
1900,1925,191,191,191,191
1925,1950,194,194,194,194
1950,1975,196,196,196,196
1975,2000,199,199,199,199
2000,2025,201,201,201,201
2025,2050,204,204,204,204
2050,2075,206,206,206,206
2075,2100,209,209,209,209
2100,2125,211,211,211,211
2125,2150,214,214,214,214
2150,2175,216,216,216,216
2175,2200,219,219,219,219
2200,2225,221,221,221,221
2225,2250,224,224,224,224
2250,2275,226,226,226,226
2275,2300,229,229,229,229
2300,2325,231,231,231,231
2325,2350,234,234,234,234
2350,2375,236,236,236,236
2375,2400,239,239,239,239
2400,2425,241,241,241,241
2425,2450,244,244,244,244
2450,2475,246,246,246,246
2475,2500,249,249,249,249
2500,2525,251,251,251,251
2525,2550,254,254,254,254
2550,2575,256,256,256,256
2575,2600,259,259,259,259
2600,2625,261,261,261,261
2625,2650,264,264,264,264
2650,2675,266,266,266,266
2675,2700,269,269,269,269
2700,2725,271,271,271,271
2725,2750,274,274,274,274
2750,2775,276,276,276,276
2775,2800,279,279,279,279
2800,2825,281,281,281,281
2825,2850,284,284,284,284
2850,2875,286,286,286,286
2875,2900,289,289,289,289
2900,2925,291,291,291,291
2925,2950,294,294,294,294
2950,2975,296,296,296,296
2975,3000,299,299,299,299
3000,3050,303,303,303,303
3050,3100,308,308,308,308
3100,3150,313,313,313,313
3150,3200,318,318,318,318
3200,3250,323,323,323,323
3250,3300,328,328,328,328
3300,3350,333,333,333,333
3350,3400,338,338,338,338
3400,3450,343,343,343,343
3450,3500,348,348,348,348
3500,3550,353,353,353,353
3550,3600,358,358,358,358
3600,3650,363,363,363,363
3650,3700,368,368,368,368
3700,3750,373,373,373,373
3750,3800,378,378,378,378
3800,3850,383,383,383,383
3850,3900,388,388,388,388
3900,3950,393,393,393,393
3950,4000,398,398,398,398
4000,4050,403,403,403,403
4050,4100,408,408,408,408
4100,4150,413,413,413,413
4150,4200,418,418,418,418
4200,4250,423,423,423,423
4250,4300,428,428,428,428
4300,4350,433,433,433,433
4350,4400,438,438,438,438
4400,4450,443,443,443,443
4450,4500,448,448,448,448
4500,4550,453,453,453,453
4550,4600,458,458,458,458
4600,4650,463,463,463,463
4650,4700,468,468,468,468
4700,4750,473,473,473,473
4750,4800,478,478,478,478
4800,4850,483,483,483,483
4850,4900,488,488,488,488
4900,4950,493,493,493,493
4950,5000,498,498,498,498
5000,5050,503,503,503,503
5050,5100,508,508,508,508
5100,5150,513,513,513,513
5150,5200,518,518,518,518
5200,5250,523,523,523,523
5250,5300,528,528,528,528
5300,5350,533,533,533,533
5350,5400,538,538,538,538
5400,5450,543,543,543,543
5450,5500,548,548,548,548
5500,5550,553,553,553,553
5550,5600,558,558,558,558
5600,5650,563,563,563,563
5650,5700,568,568,568,568
5700,5750,573,573,573,573
5750,5800,578,578,578,578
5800,5850,583,583,583,583
5850,5900,588,588,588,588
5900,5950,593,593,593,593
5950,6000,598,598,598,598
6000,6050,603,603,603,603
6050,6100,608,608,608,608
6100,6150,613,613,613,613
6150,6200,618,618,618,618
6200,6250,623,623,623,623
6250,6300,628,628,628,628
6300,6350,633,633,633,633
6350,6400,638,638,638,638
6400,6450,643,643,643,643
6450,6500,648,648,648,648
6500,6550,653,653,653,653
6550,6600,658,658,658,658
6600,6650,663,663,663,663
6650,6700,668,668,668,668
6700,6750,673,673,673,673
6750,6800,678,678,678,678
6800,6850,683,683,683,683
6850,6900,688,688,688,688
6900,6950,693,693,693,693
6950,7000,698,698,698,698
7000,7050,703,703,703,703
7050,7100,708,708,708,708
7100,7150,713,713,713,713
7150,7200,718,718,718,718
7200,7250,723,723,723,723
7250,7300,728,728,728,728
7300,7350,733,733,733,733
7350,7400,738,738,738,738
7400,7450,743,743,743,743
7450,7500,748,748,748,748
7500,7550,753,753,753,753
7550,7600,758,758,758,758
7600,7650,763,763,763,763
7650,7700,768,768,768,768
7700,7750,773,773,773,773
7750,7800,778,778,778,778
7800,7850,783,783,783,783
7850,7900,788,788,788,788
7900,7950,793,793,793,793
7950,8000,798,798,798,798
8000,8050,803,803,803,803
8050,8100,808,808,808,808
8100,8150,813,813,813,813
8150,8200,818,818,818,818
8200,8250,823,823,823,823
8250,8300,828,828,828,828
8300,8350,833,833,833,833
8350,8400,838,838,838,838
8400,8450,843,843,843,843
8450,8500,848,848,848,848
8500,8550,853,853,853,853
8550,8600,858,858,858,858
8600,8650,863,863,863,863
8650,8700,868,868,868,868
8700,8750,873,873,873,873
8750,8800,878,878,878,878
8800,8850,883,883,883,883
8850,8900,888,888,888,888
8900,8950,893,893,893,893
8950,9000,898,898,898,898
9000,9050,903,903,903,903
9050,9100,908,908,908,908
9100,9150,913,913,913,913
9150,9200,918,918,918,918
9200,9250,923,923,923,923
9250,9300,928,928,928,928
9300,9350,933,933,933,933
9350,9400,938,938,938,938
9400,9450,943,943,943,943
9450,9500,948,948,948,948
9500,9550,953,953,953,953
9550,9600,959,958,959,958
9600,9650,965,963,965,963
9650,9700,971,968,971,968
9700,9750,977,973,977,973
9750,9800,983,978,983,978
9800,9850,989,983,989,983
9850,9900,995,988,995,988
9900,9950,1001,993,1001,993
9950,10000,1007,998,1007,998
10000,10050,1013,1003,1013,1003
10050,10100,1019,1008,1019,1008
10100,10150,1025,1013,1025,1013
10150,10200,1031,1018,1031,1018
10200,10250,1037,1023,1037,1023
10250,10300,1043,1028,1043,1028
10300,10350,1049,1033,1049,1033
10350,10400,1055,1038,1055,1038
10400,10450,1061,1043,1061,1043
10450,10500,1067,1048,1067,1048
10500,10550,1073,1053,1073,1053
10550,10600,1079,1058,1079,1058
10600,10650,1085,1063,1085,1063
10650,10700,1091,1068,1091,1068
10700,10750,1097,1073,1097,1073
10750,10800,1103,1078,1103,1078
10800,10850,1109,1083,1109,1083
10850,10900,1115,1088,1115,1088
10900,10950,1121,1093,1121,1093
10950,11000,1127,1098,1127,1098
11000,11050,1133,1103,1133,1103
11050,11100,1139,1108,1139,1108
11100,11150,1145,1113,1145,1113
11150,11200,1151,1118,1151,1118
11200,11250,1157,1123,1157,1123
11250,11300,1163,1128,1163,1128
11300,11350,1169,1133,1169,1133
11350,11400,1175,1138,1175,1138
11400,11450,1181,1143,1181,1143
11450,11500,1187,1148,1187,1148
11500,11550,1193,1153,1193,1153
11550,11600,1199,1158,1199,1158
11600,11650,1205,1163,1205,1163
11650,11700,1211,1168,1211,1168
11700,11750,1217,1173,1217,1173
11750,11800,1223,1178,1223,1178
11800,11850,1229,1183,1229,1183
11850,11900,1235,1188,1235,1188
11900,11950,1241,1193,1241,1193
11950,12000,1247,1198,1247,1198
12000,12050,1253,1203,1253,1203
12050,12100,1259,1208,1259,1208
12100,12150,1265,1213,1265,1213
12150,12200,1271,1218,1271,1218
12200,12250,1277,1223,1277,1223
12250,12300,1283,1228,1283,1228
12300,12350,1289,1233,1289,1233
12350,12400,1295,1238,1295,1238
12400,12450,1301,1243,1301,1243
12450,12500,1307,1248,1307,1248
12500,12550,1313,1253,1313,1253
12550,12600,1319,1258,1319,1258
12600,12650,1325,1263,1325,1263
12650,12700,1331,1268,1331,1268
12700,12750,1337,1273,1337,1273
12750,12800,1343,1278,1343,1278
12800,12850,1349,1283,1349,1283
12850,12900,1355,1288,1355,1288
12900,12950,1361,1293,1361,1293
12950,13000,1367,1298,1367,1298
13000,13050,1373,1303,1373,1303
13050,13100,1379,1308,1379,1308
13100,13150,1385,1313,1385,1313
13150,13200,1391,1318,1391,1318
13200,13250,1397,1323,1397,1323
13250,13300,1403,1328,1403,1328
13300,13350,1409,1333,1409,1333
13350,13400,1415,1338,1415,1338
13400,13450,1421,1343,1421,1343
13450,13500,1427,1348,1427,1348
13500,13550,1433,1353,1433,1353
13550,13600,1439,1358,1439,1358
13600,13650,1445,1363,1445,1363
13650,13700,1451,1368,1451,1369
13700,13750,1457,1373,1457,1375
13750,13800,1463,1378,1463,1381
13800,13850,1469,1383,1469,1387
13850,13900,1475,1388,1475,1393
13900,13950,1481,1393,1481,1399
13950,14000,1487,1398,1487,1405
14000,14050,1493,1403,1493,1411
14050,14100,1499,1408,1499,1417
14100,14150,1505,1413,1505,1423
14150,14200,1511,1418,1511,1429
14200,14250,1517,1423,1517,1435
14250,14300,1523,1428,1523,1441
14300,14350,1529,1433,1529,1447
14350,14400,1535,1438,1535,1453
14400,14450,1541,1443,1541,1459
14450,14500,1547,1448,1547,1465
14500,14550,1553,1453,1553,1471
14550,14600,1559,1458,1559,1477
14600,14650,1565,1463,1565,1483
14650,14700,1571,1468,1571,1489
14700,14750,1577,1473,1577,1495
14750,14800,1583,1478,1583,1501
14800,14850,1589,1483,1589,1507
14850,14900,1595,1488,1595,1513
14900,14950,1601,1493,1601,1519
14950,15000,1607,1498,1607,1525
15000,15050,1613,1503,1613,1531
15050,15100,1619,1508,1619,1537
15100,15150,1625,1513,1625,1543
15150,15200,1631,1518,1631,1549
15200,15250,1637,1523,1637,1555
15250,15300,1643,1528,1643,1561
15300,15350,1649,1533,1649,1567
15350,15400,1655,1538,1655,1573
15400,15450,1661,1543,1661,1579
15450,15500,1667,1548,1667,1585
15500,15550,1673,1553,1673,1591
15550,15600,1679,1558,1679,1597
15600,15650,1685,1563,1685,1603
15650,15700,1691,1568,1691,1609
15700,15750,1697,1573,1697,1615
15750,15800,1703,1578,1703,1621
15800,15850,1709,1583,1709,1627
15850,15900,1715,1588,1715,1633
15900,15950,1721,1593,1721,1639
15950,16000,1727,1598,1727,1645
16000,16050,1733,1603,1733,1651
16050,16100,1739,1608,1739,1657
16100,16150,1745,1613,1745,1663
16150,16200,1751,1618,1751,1669
16200,16250,1757,1623,1757,1675
16250,16300,1763,1628,1763,1681
16300,16350,1769,1633,1769,1687
16350,16400,1775,1638,1775,1693
16400,16450,1781,1643,1781,1699
16450,16500,1787,1648,1787,1705
16500,16550,1793,1653,1793,1711
16550,16600,1799,1658,1799,1717
16600,16650,1805,1663,1805,1723
16650,16700,1811,1668,1811,1729
16700,16750,1817,1673,1817,1735
16750,16800,1823,1678,1823,1741
16800,16850,1829,1683,1829,1747
16850,16900,1835,1688,1835,1753
16900,16950,1841,1693,1841,1759
16950,17000,1847,1698,1847,1765
17000,17050,1853,1703,1853,1771
17050,17100,1859,1708,1859,1777
17100,17150,1865,1713,1865,1783
17150,17200,1871,1718,1871,1789
17200,17250,1877,1723,1877,1795
17250,17300,1883,1728,1883,1801
17300,17350,1889,1733,1889,1807
17350,17400,1895,1738,1895,1813
17400,17450,1901,1743,1901,1819
17450,17500,1907,1748,1907,1825
17500,17550,1913,1753,1913,1831
17550,17600,1919,1758,1919,1837
17600,17650,1925,1763,1925,1843
17650,17700,1931,1768,1931,1849
17700,17750,1937,1773,1937,1855
17750,17800,1943,1778,1943,1861
17800,17850,1949,1783,1949,1867
17850,17900,1955,1788,1955,1873
17900,17950,1961,1793,1961,1879
17950,18000,1967,1798,1967,1885
18000,18050,1973,1803,1973,1891
18050,18100,1979,1808,1979,1897
18100,18150,1985,1813,1985,1903
18150,18200,1991,1818,1991,1909
18200,18250,1997,1823,1997,1915
18250,18300,2003,1828,2003,1921
18300,18350,2009,1833,2009,1927
18350,18400,2015,1838,2015,1933
18400,18450,2021,1843,2021,1939
18450,18500,2027,1848,2027,1945
18500,18550,2033,1853,2033,1951
18550,18600,2039,1858,2039,1957
18600,18650,2045,1863,2045,1963
18650,18700,2051,1868,2051,1969
18700,18750,2057,1873,2057,1975
18750,18800,2063,1878,2063,1981
18800,18850,2069,1883,2069,1987
18850,18900,2075,1888,2075,1993
18900,18950,2081,1893,2081,1999
18950,19000,2087,1898,2087,2005
19000,19050,2093,1903,2093,2011
19050,19100,2099,1908,2099,2017
19100,19150,2105,1914,2105,2023
19150,19200,2111,1920,2111,2029
19200,19250,2117,1926,2117,2035
19250,19300,2123,1932,2123,2041
19300,19350,2129,1938,2129,2047
19350,19400,2135,1944,2135,2053
19400,19450,2141,1950,2141,2059
19450,19500,2147,1956,2147,2065
19500,19550,2153,1962,2153,2071
19550,19600,2159,1968,2159,2077
19600,19650,2165,1974,2165,2083
19650,19700,2171,1980,2171,2089
19700,19750,2177,1986,2177,2095
19750,19800,2183,1992,2183,2101
19800,19850,2189,1998,2189,2107
19850,19900,2195,2004,2195,2113
19900,19950,2201,2010,2201,2119
19950,20000,2207,2016,2207,2125
20000,20050,2213,2022,2213,2131
20050,20100,2219,2028,2219,2137
20100,20150,2225,2034,2225,2143
20150,20200,2231,2040,2231,2149
20200,20250,2237,2046,2237,2155
20250,20300,2243,2052,2243,2161
20300,20350,2249,2058,2249,2167
20350,20400,2255,2064,2255,2173
20400,20450,2261,2070,2261,2179
20450,20500,2267,2076,2267,2185
20500,20550,2273,2082,2273,2191
20550,20600,2279,2088,2279,2197
20600,20650,2285,2094,2285,2203
20650,20700,2291,2100,2291,2209
20700,20750,2297,2106,2297,2215
20750,20800,2303,2112,2303,2221
20800,20850,2309,2118,2309,2227
20850,20900,2315,2124,2315,2233
20900,20950,2321,2130,2321,2239
20950,21000,2327,2136,2327,2245
21000,21050,2333,2142,2333,2251
21050,21100,2339,2148,2339,2257
21100,21150,2345,2154,2345,2263
21150,21200,2351,2160,2351,2269
21200,21250,2357,2166,2357,2275
21250,21300,2363,2172,2363,2281
21300,21350,2369,2178,2369,2287
21350,21400,2375,2184,2375,2293
21400,21450,2381,2190,2381,2299
21450,21500,2387,2196,2387,2305
21500,21550,2393,2202,2393,2311
21550,21600,2399,2208,2399,2317
21600,21650,2405,2214,2405,2323
21650,21700,2411,2220,2411,2329
21700,21750,2417,2226,2417,2335
21750,21800,2423,2232,2423,2341
21800,21850,2429,2238,2429,2347
21850,21900,2435,2244,2435,2353
21900,21950,2441,2250,2441,2359
21950,22000,2447,2256,2447,2365
22000,22050,2453,2262,2453,2371
22050,22100,2459,2268,2459,2377
22100,22150,2465,2274,2465,2383
22150,22200,2471,2280,2471,2389
22200,22250,2477,2286,2477,2395
22250,22300,2483,2292,2483,2401
22300,22350,2489,2298,2489,2407
22350,22400,2495,2304,2495,2413
22400,22450,2501,2310,2501,2419
22450,22500,2507,2316,2507,2425
22500,22550,2513,2322,2513,2431
22550,22600,2519,2328,2519,2437
22600,22650,2525,2334,2525,2443
22650,22700,2531,2340,2531,2449
22700,22750,2537,2346,2537,2455
22750,22800,2543,2352,2543,2461
22800,22850,2549,2358,2549,2467
22850,22900,2555,2364,2555,2473
22900,22950,2561,2370,2561,2479
22950,23000,2567,2376,2567,2485
23000,23050,2573,2382,2573,2491
23050,23100,2579,2388,2579,2497
23100,23150,2585,2394,2585,2503
23150,23200,2591,2400,2591,2509
23200,23250,2597,2406,2597,2515
23250,23300,2603,2412,2603,2521
23300,23350,2609,2418,2609,2527
23350,23400,2615,2424,2615,2533
23400,23450,2621,2430,2621,2539
23450,23500,2627,2436,2627,2545
23500,23550,2633,2442,2633,2551
23550,23600,2639,2448,2639,2557
23600,23650,2645,2454,2645,2563
23650,23700,2651,2460,2651,2569
23700,23750,2657,2466,2657,2575
23750,23800,2663,2472,2663,2581
23800,23850,2669,2478,2669,2587
23850,23900,2675,2484,2675,2593
23900,23950,2681,2490,2681,2599
23950,24000,2687,2496,2687,2605
24000,24050,2693,2502,2693,2611
24050,24100,2699,2508,2699,2617
24100,24150,2705,2514,2705,2623
24150,24200,2711,2520,2711,2629
24200,24250,2717,2526,2717,2635
24250,24300,2723,2532,2723,2641
24300,24350,2729,2538,2729,2647
24350,24400,2735,2544,2735,2653
24400,24450,2741,2550,2741,2659
24450,24500,2747,2556,2747,2665
24500,24550,2753,2562,2753,2671
24550,24600,2759,2568,2759,2677
24600,24650,2765,2574,2765,2683
24650,24700,2771,2580,2771,2689
24700,24750,2777,2586,2777,2695
24750,24800,2783,2592,2783,2701
24800,24850,2789,2598,2789,2707
24850,24900,2795,2604,2795,2713
24900,24950,2801,2610,2801,2719
24950,25000,2807,2616,2807,2725
25000,25050,2813,2622,2813,2731
25050,25100,2819,2628,2819,2737
25100,25150,2825,2634,2825,2743
25150,25200,2831,2640,2831,2749
25200,25250,2837,2646,2837,2755
25250,25300,2843,2652,2843,2761
25300,25350,2849,2658,2849,2767
25350,25400,2855,2664,2855,2773
25400,25450,2861,2670,2861,2779
25450,25500,2867,2676,2867,2785
25500,25550,2873,2682,2873,2791
25550,25600,2879,2688,2879,2797
25600,25650,2885,2694,2885,2803
25650,25700,2891,2700,2891,2809
25700,25750,2897,2706,2897,2815
25750,25800,2903,2712,2903,2821
25800,25850,2909,2718,2909,2827
25850,25900,2915,2724,2915,2833
25900,25950,2921,2730,2921,2839
25950,26000,2927,2736,2927,2845
26000,26050,2933,2742,2933,2851
26050,26100,2939,2748,2939,2857
26100,26150,2945,2754,2945,2863
26150,26200,2951,2760,2951,2869
26200,26250,2957,2766,2957,2875
26250,26300,2963,2772,2963,2881
26300,26350,2969,2778,2969,2887
26350,26400,2975,2784,2975,2893
26400,26450,2981,2790,2981,2899
26450,26500,2987,2796,2987,2905
26500,26550,2993,2802,2993,2911
26550,26600,2999,2808,2999,2917
26600,26650,3005,2814,3005,2923
26650,26700,3011,2820,3011,2929
26700,26750,3017,2826,3017,2935
26750,26800,3023,2832,3023,2941
26800,26850,3029,2838,3029,2947
26850,26900,3035,2844,3035,2953
26900,26950,3041,2850,3041,2959
26950,27000,3047,2856,3047,2965
27000,27050,3053,2862,3053,2971
27050,27100,3059,2868,3059,2977
27100,27150,3065,2874,3065,2983
27150,27200,3071,2880,3071,2989
27200,27250,3077,2886,3077,2995
27250,27300,3083,2892,3083,3001
27300,27350,3089,2898,3089,3007
27350,27400,3095,2904,3095,3013
27400,27450,3101,2910,3101,3019
27450,27500,3107,2916,3107,3025
27500,27550,3113,2922,3113,3031
27550,27600,3119,2928,3119,3037
27600,27650,3125,2934,3125,3043
27650,27700,3131,2940,3131,3049
27700,27750,3137,2946,3137,3055
27750,27800,3143,2952,3143,3061
27800,27850,3149,2958,3149,3067
27850,27900,3155,2964,3155,3073
27900,27950,3161,2970,3161,3079
27950,28000,3167,2976,3167,3085
28000,28050,3173,2982,3173,3091
28050,28100,3179,2988,3179,3097
28100,28150,3185,2994,3185,3103
28150,28200,3191,3000,3191,3109
28200,28250,3197,3006,3197,3115
28250,28300,3203,3012,3203,3121
28300,28350,3209,3018,3209,3127
28350,28400,3215,3024,3215,3133
28400,28450,3221,3030,3221,3139
28450,28500,3227,3036,3227,3145
28500,28550,3233,3042,3233,3151
28550,28600,3239,3048,3239,3157
28600,28650,3245,3054,3245,3163
28650,28700,3251,3060,3251,3169
28700,28750,3257,3066,3257,3175
28750,28800,3263,3072,3263,3181
28800,28850,3269,3078,3269,3187
28850,28900,3275,3084,3275,3193
28900,28950,3281,3090,3281,3199
28950,29000,3287,3096,3287,3205
29000,29050,3293,3102,3293,3211
29050,29100,3299,3108,3299,3217
29100,29150,3305,3114,3305,3223
29150,29200,3311,3120,3311,3229
29200,29250,3317,3126,3317,3235
29250,29300,3323,3132,3323,3241
29300,29350,3329,3138,3329,3247
29350,29400,3335,3144,3335,3253
29400,29450,3341,3150,3341,3259
29450,29500,3347,3156,3347,3265
29500,29550,3353,3162,3353,3271
29550,29600,3359,3168,3359,3277
29600,29650,3365,3174,3365,3283
29650,29700,3371,3180,3371,3289
29700,29750,3377,3186,3377,3295
29750,29800,3383,3192,3383,3301
29800,29850,3389,3198,3389,3307
29850,29900,3395,3204,3395,3313
29900,29950,3401,3210,3401,3319
29950,30000,3407,3216,3407,3325
30000,30050,3413,3222,3413,3331
30050,30100,3419,3228,3419,3337
30100,30150,3425,3234,3425,3343
30150,30200,3431,3240,3431,3349
30200,30250,3437,3246,3437,3355
30250,30300,3443,3252,3443,3361
30300,30350,3449,3258,3449,3367
30350,30400,3455,3264,3455,3373
30400,30450,3461,3270,3461,3379
30450,30500,3467,3276,3467,3385
30500,30550,3473,3282,3473,3391
30550,30600,3479,3288,3479,3397
30600,30650,3485,3294,3485,3403
30650,30700,3491,3300,3491,3409
30700,30750,3497,3306,3497,3415
30750,30800,3503,3312,3503,3421
30800,30850,3509,3318,3509,3427
30850,30900,3515,3324,3515,3433
30900,30950,3521,3330,3521,3439
30950,31000,3527,3336,3527,3445
31000,31050,3533,3342,3533,3451
31050,31100,3539,3348,3539,3457
31100,31150,3545,3354,3545,3463
31150,31200,3551,3360,3551,3469
31200,31250,3557,3366,3557,3475
31250,31300,3563,3372,3563,3481
31300,31350,3569,3378,3569,3487
31350,31400,3575,3384,3575,3493
31400,31450,3581,3390,3581,3499
31450,31500,3587,3396,3587,3505
31500,31550,3593,3402,3593,3511
31550,31600,3599,3408,3599,3517
31600,31650,3605,3414,3605,3523
31650,31700,3611,3420,3611,3529
31700,31750,3617,3426,3617,3535
31750,31800,3623,3432,3623,3541
31800,31850,3629,3438,3629,3547
31850,31900,3635,3444,3635,3553
31900,31950,3641,3450,3641,3559
31950,32000,3647,3456,3647,3565
32000,32050,3653,3462,3653,3571
32050,32100,3659,3468,3659,3577
32100,32150,3665,3474,3665,3583
32150,32200,3671,3480,3671,3589
32200,32250,3677,3486,3677,3595
32250,32300,3683,3492,3683,3601
32300,32350,3689,3498,3689,3607
32350,32400,3695,3504,3695,3613
32400,32450,3701,3510,3701,3619
32450,32500,3707,3516,3707,3625
32500,32550,3713,3522,3713,3631
32550,32600,3719,3528,3719,3637
32600,32650,3725,3534,3725,3643
32650,32700,3731,3540,3731,3649
32700,32750,3737,3546,3737,3655
32750,32800,3743,3552,3743,3661
32800,32850,3749,3558,3749,3667
32850,32900,3755,3564,3755,3673
32900,32950,3761,3570,3761,3679
32950,33000,3767,3576,3767,3685
33000,33050,3773,3582,3773,3691
33050,33100,3779,3588,3779,3697
33100,33150,3785,3594,3785,3703
33150,33200,3791,3600,3791,3709
33200,33250,3797,3606,3797,3715
33250,33300,3803,3612,3803,3721
33300,33350,3809,3618,3809,3727
33350,33400,3815,3624,3815,3733
33400,33450,3821,3630,3821,3739
33450,33500,3827,3636,3827,3745
33500,33550,3833,3642,3833,3751
33550,33600,3839,3648,3839,3757
33600,33650,3845,3654,3845,3763
33650,33700,3851,3660,3851,3769
33700,33750,3857,3666,3857,3775
33750,33800,3863,3672,3863,3781
33800,33850,3869,3678,3869,3787
33850,33900,3875,3684,3875,3793
33900,33950,3881,3690,3881,3799
33950,34000,3887,3696,3887,3805
34000,34050,3893,3702,3893,3811
34050,34100,3899,3708,3899,3817
34100,34150,3905,3714,3905,3823
34150,34200,3911,3720,3911,3829
34200,34250,3917,3726,3917,3835
34250,34300,3923,3732,3923,3841
34300,34350,3929,3738,3929,3847
34350,34400,3935,3744,3935,3853
34400,34450,3941,3750,3941,3859
34450,34500,3947,3756,3947,3865
34500,34550,3953,3762,3953,3871
34550,34600,3959,3768,3959,3877
34600,34650,3965,3774,3965,3883
34650,34700,3971,3780,3971,3889
34700,34750,3977,3786,3977,3895
34750,34800,3983,3792,3983,3901
34800,34850,3989,3798,3989,3907
34850,34900,3995,3804,3995,3913
34900,34950,4001,3810,4001,3919
34950,35000,4007,3816,4007,3925
35000,35050,4013,3822,4013,3931
35050,35100,4019,3828,4019,3937
35100,35150,4025,3834,4025,3943
35150,35200,4031,3840,4031,3949
35200,35250,4037,3846,4037,3955
35250,35300,4043,3852,4043,3961
35300,35350,4049,3858,4049,3967
35350,35400,4055,3864,4055,3973
35400,35450,4061,3870,4061,3979
35450,35500,4067,3876,4067,3985
35500,35550,4073,3882,4073,3991
35550,35600,4079,3888,4079,3997
35600,35650,4085,3894,4085,4003
35650,35700,4091,3900,4091,4009
35700,35750,4097,3906,4097,4015
35750,35800,4103,3912,4103,4021
35800,35850,4109,3918,4109,4027
35850,35900,4115,3924,4115,4033
35900,35950,4121,3930,4121,4039
35950,36000,4127,3936,4127,4045
36000,36050,4133,3942,4133,4051
36050,36100,4139,3948,4139,4057
36100,36150,4145,3954,4145,4063
36150,36200,4151,3960,4151,4069
36200,36250,4157,3966,4157,4075
36250,36300,4163,3972,4163,4081
36300,36350,4169,3978,4169,4087
36350,36400,4175,3984,4175,4093
36400,36450,4181,3990,4181,4099
36450,36500,4187,3996,4187,4105
36500,36550,4193,4002,4193,4111
36550,36600,4199,4008,4199,4117
36600,36650,4205,4014,4205,4123
36650,36700,4211,4020,4211,4129
36700,36750,4217,4026,4217,4135
36750,36800,4223,4032,4223,4141
36800,36850,4229,4038,4229,4147
36850,36900,4235,4044,4235,4153
36900,36950,4241,4050,4241,4159
36950,37000,4247,4056,4247,4165
37000,37050,4253,4062,4253,4171
37050,37100,4259,4068,4259,4177
37100,37150,4265,4074,4265,4183
37150,37200,4271,4080,4271,4189
37200,37250,4277,4086,4277,4195
37250,37300,4283,4092,4283,4201
37300,37350,4289,4098,4289,4207
37350,37400,4295,4104,4295,4213
37400,37450,4301,4110,4301,4219
37450,37500,4307,4116,4307,4225
37500,37550,4313,4122,4313,4231
37550,37600,4319,4128,4319,4237
37600,37650,4325,4134,4325,4243
37650,37700,4331,4140,4331,4249
37700,37750,4337,4146,4337,4255
37750,37800,4343,4152,4343,4261
37800,37850,4349,4158,4349,4267
37850,37900,4355,4164,4355,4273
37900,37950,4361,4170,4361,4279
37950,38000,4367,4176,4367,4285
38000,38050,4373,4182,4373,4291
38050,38100,4379,4188,4379,4297
38100,38150,4385,4194,4385,4303
38150,38200,4391,4200,4391,4309
38200,38250,4397,4206,4397,4315
38250,38300,4403,4212,4403,4321
38300,38350,4409,4218,4409,4327
38350,38400,4415,4224,4415,4333
38400,38450,4421,4230,4421,4339
38450,38500,4427,4236,4427,4345
38500,38550,4433,4242,4433,4351
38550,38600,4439,4248,4439,4357
38600,38650,4445,4254,4445,4363
38650,38700,4451,4260,4451,4369
38700,38750,4459,4266,4459,4375
38750,38800,4470,4272,4470,4381
38800,38850,4481,4278,4481,4387
38850,38900,4492,4284,4492,4393
38900,38950,4503,4290,4503,4399
38950,39000,4514,4296,4514,4405
39000,39050,4525,4302,4525,4411
39050,39100,4536,4308,4536,4417
39100,39150,4547,4314,4547,4423
39150,39200,4558,4320,4558,4429
39200,39250,4569,4326,4569,4435
39250,39300,4580,4332,4580,4441
39300,39350,4591,4338,4591,4447
39350,39400,4602,4344,4602,4453
39400,39450,4613,4350,4613,4459
39450,39500,4624,4356,4624,4465
39500,39550,4635,4362,4635,4471
39550,39600,4646,4368,4646,4477
39600,39650,4657,4374,4657,4483
39650,39700,4668,4380,4668,4489
39700,39750,4679,4386,4679,4495
39750,39800,4690,4392,4690,4501
39800,39850,4701,4398,4701,4507
39850,39900,4712,4404,4712,4513
39900,39950,4723,4410,4723,4519
39950,40000,4734,4416,4734,4525
40000,40050,4745,4422,4745,4531
40050,40100,4756,4428,4756,4537
40100,40150,4767,4434,4767,4543
40150,40200,4778,4440,4778,4549
40200,40250,4789,4446,4789,4555
40250,40300,4800,4452,4800,4561
40300,40350,4811,4458,4811,4567
40350,40400,4822,4464,4822,4573
40400,40450,4833,4470,4833,4579
40450,40500,4844,4476,4844,4585
40500,40550,4855,4482,4855,4591
40550,40600,4866,4488,4866,4597
40600,40650,4877,4494,4877,4603
40650,40700,4888,4500,4888,4609
40700,40750,4899,4506,4899,4615
40750,40800,4910,4512,4910,4621
40800,40850,4921,4518,4921,4627
40850,40900,4932,4524,4932,4633
40900,40950,4943,4530,4943,4639
40950,41000,4954,4536,4954,4645
41000,41050,4965,4542,4965,4651
41050,41100,4976,4548,4976,4657
41100,41150,4987,4554,4987,4663
41150,41200,4998,4560,4998,4669
41200,41250,5009,4566,5009,4675
41250,41300,5020,4572,5020,4681
41300,41350,5031,4578,5031,4687
41350,41400,5042,4584,5042,4693
41400,41450,5053,4590,5053,4699
41450,41500,5064,4596,5064,4705
41500,41550,5075,4602,5075,4711
41550,41600,5086,4608,5086,4717
41600,41650,5097,4614,5097,4723
41650,41700,5108,4620,5108,4729
41700,41750,5119,4626,5119,4735
41750,41800,5130,4632,5130,4741
41800,41850,5141,4638,5141,4747
41850,41900,5152,4644,5152,4753
41900,41950,5163,4650,5163,4759
41950,42000,5174,4656,5174,4765
42000,42050,5185,4662,5185,4771
42050,42100,5196,4668,5196,4777
42100,42150,5207,4674,5207,4783
42150,42200,5218,4680,5218,4789
42200,42250,5229,4686,5229,4795
42250,42300,5240,4692,5240,4801
42300,42350,5251,4698,5251,4807
42350,42400,5262,4704,5262,4813
42400,42450,5273,4710,5273,4819
42450,42500,5284,4716,5284,4825
42500,42550,5295,4722,5295,4831
42550,42600,5306,4728,5306,4837
42600,42650,5317,4734,5317,4843
42650,42700,5328,4740,5328,4849
42700,42750,5339,4746,5339,4855
42750,42800,5350,4752,5350,4861
42800,42850,5361,4758,5361,4867
42850,42900,5372,4764,5372,4873
42900,42950,5383,4770,5383,4879
42950,43000,5394,4776,5394,4885
43000,43050,5405,4782,5405,4891
43050,43100,5416,4788,5416,4897
43100,43150,5427,4794,5427,4903
43150,43200,5438,4800,5438,4909
43200,43250,5449,4806,5449,4915
43250,43300,5460,4812,5460,4921
43300,43350,5471,4818,5471,4927
43350,43400,5482,4824,5482,4933
43400,43450,5493,4830,5493,4939
43450,43500,5504,4836,5504,4945
43500,43550,5515,4842,5515,4951
43550,43600,5526,4848,5526,4957
43600,43650,5537,4854,5537,4963
43650,43700,5548,4860,5548,4969
43700,43750,5559,4866,5559,4975
43750,43800,5570,4872,5570,4981
43800,43850,5581,4878,5581,4987
43850,43900,5592,4884,5592,4993
43900,43950,5603,4890,5603,4999
43950,44000,5614,4896,5614,5005
44000,44050,5625,4902,5625,5011
44050,44100,5636,4908,5636,5017
44100,44150,5647,4914,5647,5023
44150,44200,5658,4920,5658,5029
44200,44250,5669,4926,5669,5035
44250,44300,5680,4932,5680,5041
44300,44350,5691,4938,5691,5047
44350,44400,5702,4944,5702,5053
44400,44450,5713,4950,5713,5059
44450,44500,5724,4956,5724,5065
44500,44550,5735,4962,5735,5071
44550,44600,5746,4968,5746,5077
44600,44650,5757,4974,5757,5083
44650,44700,5768,4980,5768,5089
44700,44750,5779,4986,5779,5095
44750,44800,5790,4992,5790,5101
44800,44850,5801,4998,5801,5107
44850,44900,5812,5004,5812,5113
44900,44950,5823,5010,5823,5119
44950,45000,5834,5016,5834,5125
45000,45050,5845,5022,5845,5131
45050,45100,5856,5028,5856,5137
45100,45150,5867,5034,5867,5143
45150,45200,5878,5040,5878,5149
45200,45250,5889,5046,5889,5155
45250,45300,5900,5052,5900,5161
45300,45350,5911,5058,5911,5167
45350,45400,5922,5064,5922,5173
45400,45450,5933,5070,5933,5179
45450,45500,5944,5076,5944,5185
45500,45550,5955,5082,5955,5191
45550,45600,5966,5088,5966,5197
45600,45650,5977,5094,5977,5203
45650,45700,5988,5100,5988,5209
45700,45750,5999,5106,5999,5215
45750,45800,6010,5112,6010,5221
45800,45850,6021,5118,6021,5227
45850,45900,6032,5124,6032,5233
45900,45950,6043,5130,6043,5239
45950,46000,6054,5136,6054,5245
46000,46050,6065,5142,6065,5251
46050,46100,6076,5148,6076,5257
46100,46150,6087,5154,6087,5263
46150,46200,6098,5160,6098,5269
46200,46250,6109,5166,6109,5275
46250,46300,6120,5172,6120,5281
46300,46350,6131,5178,6131,5287
46350,46400,6142,5184,6142,5293
46400,46450,6153,5190,6153,5299
46450,46500,6164,5196,6164,5305
46500,46550,6175,5202,6175,5311
46550,46600,6186,5208,6186,5317
46600,46650,6197,5214,6197,5323
46650,46700,6208,5220,6208,5329
46700,46750,6219,5226,6219,5335
46750,46800,6230,5232,6230,5341
46800,46850,6241,5238,6241,5347
46850,46900,6252,5244,6252,5353
46900,46950,6263,5250,6263,5359
46950,47000,6274,5256,6274,5365
47000,47050,6285,5262,6285,5371
47050,47100,6296,5268,6296,5377
47100,47150,6307,5274,6307,5383
47150,47200,6318,5280,6318,5389
47200,47250,6329,5286,6329,5395
47250,47300,6340,5292,6340,5401
47300,47350,6351,5298,6351,5407
47350,47400,6362,5304,6362,5413
47400,47450,6373,5310,6373,5419
47450,47500,6384,5316,6384,5425
47500,47550,6395,5322,6395,5431
47550,47600,6406,5328,6406,5437
47600,47650,6417,5334,6417,5443
47650,47700,6428,5340,6428,5449
47700,47750,6439,5346,6439,5455
47750,47800,6450,5352,6450,5461
47800,47850,6461,5358,6461,5467
47850,47900,6472,5364,6472,5473
47900,47950,6483,5370,6483,5479
47950,48000,6494,5376,6494,5485
48000,48050,6505,5382,6505,5491
48050,48100,6516,5388,6516,5497
48100,48150,6527,5394,6527,5503
48150,48200,6538,5400,6538,5509
48200,48250,6549,5406,6549,5515
48250,48300,6560,5412,6560,5521
48300,48350,6571,5418,6571,5527
48350,48400,6582,5424,6582,5533
48400,48450,6593,5430,6593,5539
48450,48500,6604,5436,6604,5545
48500,48550,6615,5442,6615,5551
48550,48600,6626,5448,6626,5557
48600,48650,6637,5454,6637,5563
48650,48700,6648,5460,6648,5569
48700,48750,6659,5466,6659,5575
48750,48800,6670,5472,6670,5581
48800,48850,6681,5478,6681,5587
48850,48900,6692,5484,6692,5593
48900,48950,6703,5490,6703,5599
48950,49000,6714,5496,6714,5605
49000,49050,6725,5502,6725,5611
49050,49100,6736,5508,6736,5617
49100,49150,6747,5514,6747,5623
49150,49200,6758,5520,6758,5629
49200,49250,6769,5526,6769,5635
49250,49300,6780,5532,6780,5641
49300,49350,6791,5538,6791,5647
49350,49400,6802,5544,6802,5653
49400,49450,6813,5550,6813,5659
49450,49500,6824,5556,6824,5665
49500,49550,6835,5562,6835,5671
49550,49600,6846,5568,6846,5677
49600,49650,6857,5574,6857,5683
49650,49700,6868,5580,6868,5689
49700,49750,6879,5586,6879,5695
49750,49800,6890,5592,6890,5701
49800,49850,6901,5598,6901,5707
49850,49900,6912,5604,6912,5713
49900,49950,6923,5610,6923,5719
49950,50000,6934,5616,6934,5725
50000,50050,6945,5622,6945,5731
50050,50100,6956,5628,6956,5737
50100,50150,6967,5634,6967,5743
50150,50200,6978,5640,6978,5749
50200,50250,6989,5646,6989,5755
50250,50300,7000,5652,7000,5761
50300,50350,7011,5658,7011,5767
50350,50400,7022,5664,7022,5773
50400,50450,7033,5670,7033,5779
50450,50500,7044,5676,7044,5785
50500,50550,7055,5682,7055,5791
50550,50600,7066,5688,7066,5797
50600,50650,7077,5694,7077,5803
50650,50700,7088,5700,7088,5809
50700,50750,7099,5706,7099,5815
50750,50800,7110,5712,7110,5821
50800,50850,7121,5718,7121,5827
50850,50900,7132,5724,7132,5833
50900,50950,7143,5730,7143,5839
50950,51000,7154,5736,7154,5845
51000,51050,7165,5742,7165,5851
51050,51100,7176,5748,7176,5857
51100,51150,7187,5754,7187,5863
51150,51200,7198,5760,7198,5869
51200,51250,7209,5766,7209,5875
51250,51300,7220,5772,7220,5881
51300,51350,7231,5778,7231,5887
51350,51400,7242,5784,7242,5893
51400,51450,7253,5790,7253,5899
51450,51500,7264,5796,7264,5905
51500,51550,7275,5802,7275,5911
51550,51600,7286,5808,7286,5917
51600,51650,7297,5814,7297,5923
51650,51700,7308,5820,7308,5929
51700,51750,7319,5826,7319,5935
51750,51800,7330,5832,7330,5941
51800,51850,7341,5838,7341,5950
51850,51900,7352,5844,7352,5961
51900,51950,7363,5850,7363,5972
51950,52000,7374,5856,7374,5983
52000,52050,7385,5862,7385,5994
52050,52100,7396,5868,7396,6005
52100,52150,7407,5874,7407,6016
52150,52200,7418,5880,7418,6027
52200,52250,7429,5886,7429,6038
52250,52300,7440,5892,7440,6049
52300,52350,7451,5898,7451,6060
52350,52400,7462,5904,7462,6071
52400,52450,7473,5910,7473,6082
52450,52500,7484,5916,7484,6093
52500,52550,7495,5922,7495,6104
52550,52600,7506,5928,7506,6115
52600,52650,7517,5934,7517,6126
52650,52700,7528,5940,7528,6137
52700,52750,7539,5946,7539,6148
52750,52800,7550,5952,7550,6159
52800,52850,7561,5958,7561,6170
52850,52900,7572,5964,7572,6181
52900,52950,7583,5970,7583,6192
52950,53000,7594,5976,7594,6203
53000,53050,7605,5982,7605,6214
53050,53100,7616,5988,7616,6225
53100,53150,7627,5994,7627,6236
53150,53200,7638,6000,7638,6247
53200,53250,7649,6006,7649,6258
53250,53300,7660,6012,7660,6269
53300,53350,7671,6018,7671,6280
53350,53400,7682,6024,7682,6291
53400,53450,7693,6030,7693,6302
53450,53500,7704,6036,7704,6313
53500,53550,7715,6042,7715,6324
53550,53600,7726,6048,7726,6335
53600,53650,7737,6054,7737,6346
53650,53700,7748,6060,7748,6357
53700,53750,7759,6066,7759,6368
53750,53800,7770,6072,7770,6379
53800,53850,7781,6078,7781,6390
53850,53900,7792,6084,7792,6401
53900,53950,7803,6090,7803,6412
53950,54000,7814,6096,7814,6423
54000,54050,7825,6102,7825,6434
54050,54100,7836,6108,7836,6445
54100,54150,7847,6114,7847,6456
54150,54200,7858,6120,7858,6467
54200,54250,7869,6126,7869,6478
54250,54300,7880,6132,7880,6489
54300,54350,7891,6138,7891,6500
54350,54400,7902,6144,7902,6511
54400,54450,7913,6150,7913,6522
54450,54500,7924,6156,7924,6533
54500,54550,7935,6162,7935,6544
54550,54600,7946,6168,7946,6555
54600,54650,7957,6174,7957,6566
54650,54700,7968,6180,7968,6577
54700,54750,7979,6186,7979,6588
54750,54800,7990,6192,7990,6599
54800,54850,8001,6198,8001,6610
54850,54900,8012,6204,8012,6621
54900,54950,8023,6210,8023,6632
54950,55000,8034,6216,8034,6643
55000,55050,8045,6222,8045,6654
55050,55100,8056,6228,8056,6665
55100,55150,8067,6234,8067,6676
55150,55200,8078,6240,8078,6687
55200,55250,8089,6246,8089,6698
55250,55300,8100,6252,8100,6709
55300,55350,8111,6258,8111,6720
55350,55400,8122,6264,8122,6731
55400,55450,8133,6270,8133,6742
55450,55500,8144,6276,8144,6753
55500,55550,8155,6282,8155,6764
55550,55600,8166,6288,8166,6775
55600,55650,8177,6294,8177,6786
55650,55700,8188,6300,8188,6797
55700,55750,8199,6306,8199,6808
55750,55800,8210,6312,8210,6819
55800,55850,8221,6318,8221,6830
55850,55900,8232,6324,8232,6841
55900,55950,8243,6330,8243,6852
55950,56000,8254,6336,8254,6863
56000,56050,8265,6342,8265,6874
56050,56100,8276,6348,8276,6885
56100,56150,8287,6354,8287,6896
56150,56200,8298,6360,8298,6907
56200,56250,8309,6366,8309,6918
56250,56300,8320,6372,8320,6929
56300,56350,8331,6378,8331,6940
56350,56400,8342,6384,8342,6951
56400,56450,8353,6390,8353,6962
56450,56500,8364,6396,8364,6973
56500,56550,8375,6402,8375,6984
56550,56600,8386,6408,8386,6995
56600,56650,8397,6414,8397,7006
56650,56700,8408,6420,8408,7017
56700,56750,8419,6426,8419,7028
56750,56800,8430,6432,8430,7039
56800,56850,8441,6438,8441,7050
56850,56900,8452,6444,8452,7061
56900,56950,8463,6450,8463,7072
56950,57000,8474,6456,8474,7083
57000,57050,8485,6462,8485,7094
57050,57100,8496,6468,8496,7105
57100,57150,8507,6474,8507,7116
57150,57200,8518,6480,8518,7127
57200,57250,8529,6486,8529,7138
57250,57300,8540,6492,8540,7149
57300,57350,8551,6498,8551,7160
57350,57400,8562,6504,8562,7171
57400,57450,8573,6510,8573,7182
57450,57500,8584,6516,8584,7193
57500,57550,8595,6522,8595,7204
57550,57600,8606,6528,8606,7215
57600,57650,8617,6534,8617,7226
57650,57700,8628,6540,8628,7237
57700,57750,8639,6546,8639,7248
57750,57800,8650,6552,8650,7259
57800,57850,8661,6558,8661,7270
57850,57900,8672,6564,8672,7281
57900,57950,8683,6570,8683,7292
57950,58000,8694,6576,8694,7303
58000,58050,8705,6582,8705,7314
58050,58100,8716,6588,8716,7325
58100,58150,8727,6594,8727,7336
58150,58200,8738,6600,8738,7347
58200,58250,8749,6606,8749,7358
58250,58300,8760,6612,8760,7369
58300,58350,8771,6618,8771,7380
58350,58400,8782,6624,8782,7391
58400,58450,8793,6630,8793,7402
58450,58500,8804,6636,8804,7413
58500,58550,8815,6642,8815,7424
58550,58600,8826,6648,8826,7435
58600,58650,8837,6654,8837,7446
58650,58700,8848,6660,8848,7457
58700,58750,8859,6666,8859,7468
58750,58800,8870,6672,8870,7479
58800,58850,8881,6678,8881,7490
58850,58900,8892,6684,8892,7501
58900,58950,8903,6690,8903,7512
58950,59000,8914,6696,8914,7523
59000,59050,8925,6702,8925,7534
59050,59100,8936,6708,8936,7545
59100,59150,8947,6714,8947,7556
59150,59200,8958,6720,8958,7567
59200,59250,8969,6726,8969,7578
59250,59300,8980,6732,8980,7589
59300,59350,8991,6738,8991,7600
59350,59400,9002,6744,9002,7611
59400,59450,9013,6750,9013,7622
59450,59500,9024,6756,9024,7633
59500,59550,9035,6762,9035,7644
59550,59600,9046,6768,9046,7655
59600,59650,9057,6774,9057,7666
59650,59700,9068,6780,9068,7677
59700,59750,9079,6786,9079,7688
59750,59800,9090,6792,9090,7699
59800,59850,9101,6798,9101,7710
59850,59900,9112,6804,9112,7721
59900,59950,9123,6810,9123,7732
59950,60000,9134,6816,9134,7743
60000,60050,9145,6822,9145,7754
60050,60100,9156,6828,9156,7765
60100,60150,9167,6834,9167,7776
60150,60200,9178,6840,9178,7787
60200,60250,9189,6846,9189,7798
60250,60300,9200,6852,9200,7809
60300,60350,9211,6858,9211,7820
60350,60400,9222,6864,9222,7831
60400,60450,9233,6870,9233,7842
60450,60500,9244,6876,9244,7853
60500,60550,9255,6882,9255,7864
60550,60600,9266,6888,9266,7875
60600,60650,9277,6894,9277,7886
60650,60700,9288,6900,9288,7897
60700,60750,9299,6906,9299,7908
60750,60800,9310,6912,9310,7919
60800,60850,9321,6918,9321,7930
60850,60900,9332,6924,9332,7941
60900,60950,9343,6930,9343,7952
60950,61000,9354,6936,9354,7963
61000,61050,9365,6942,9365,7974
61050,61100,9376,6948,9376,7985
61100,61150,9387,6954,9387,7996
61150,61200,9398,6960,9398,8007
61200,61250,9409,6966,9409,8018
61250,61300,9420,6972,9420,8029
61300,61350,9431,6978,9431,8040
61350,61400,9442,6984,9442,8051
61400,61450,9453,6990,9453,8062
61450,61500,9464,6996,9464,8073
61500,61550,9475,7002,9475,8084
61550,61600,9486,7008,9486,8095
61600,61650,9497,7014,9497,8106
61650,61700,9508,7020,9508,8117
61700,61750,9519,7026,9519,8128
61750,61800,9530,7032,9530,8139
61800,61850,9541,7038,9541,8150
61850,61900,9552,7044,9552,8161
61900,61950,9563,7050,9563,8172
61950,62000,9574,7056,9574,8183
62000,62050,9585,7062,9585,8194
62050,62100,9596,7068,9596,8205
62100,62150,9607,7074,9607,8216
62150,62200,9618,7080,9618,8227
62200,62250,9629,7086,9629,8238
62250,62300,9640,7092,9640,8249
62300,62350,9651,7098,9651,8260
62350,62400,9662,7104,9662,8271
62400,62450,9673,7110,9673,8282
62450,62500,9684,7116,9684,8293
62500,62550,9695,7122,9695,8304
62550,62600,9706,7128,9706,8315
62600,62650,9717,7134,9717,8326
62650,62700,9728,7140,9728,8337
62700,62750,9739,7146,9739,8348
62750,62800,9750,7152,9750,8359
62800,62850,9761,7158,9761,8370
62850,62900,9772,7164,9772,8381
62900,62950,9783,7170,9783,8392
62950,63000,9794,7176,9794,8403
63000,63050,9805,7182,9805,8414
63050,63100,9816,7188,9816,8425
63100,63150,9827,7194,9827,8436
63150,63200,9838,7200,9838,8447
63200,63250,9849,7206,9849,8458
63250,63300,9860,7212,9860,8469
63300,63350,9871,7218,9871,8480
63350,63400,9882,7224,9882,8491
63400,63450,9893,7230,9893,8502
63450,63500,9904,7236,9904,8513
63500,63550,9915,7242,9915,8524
63550,63600,9926,7248,9926,8535
63600,63650,9937,7254,9937,8546
63650,63700,9948,7260,9948,8557
63700,63750,9959,7266,9959,8568
63750,63800,9970,7272,9970,8579
63800,63850,9981,7278,9981,8590
63850,63900,9992,7284,9992,8601
63900,63950,10003,7290,10003,8612
63950,64000,10014,7296,10014,8623
64000,64050,10025,7302,10025,8634
64050,64100,10036,7308,10036,8645
64100,64150,10047,7314,10047,8656
64150,64200,10058,7320,10058,8667
64200,64250,10069,7326,10069,8678
64250,64300,10080,7332,10080,8689
64300,64350,10091,7338,10091,8700
64350,64400,10102,7344,10102,8711
64400,64450,10113,7350,10113,8722
64450,64500,10124,7356,10124,8733
64500,64550,10135,7362,10135,8744
64550,64600,10146,7368,10146,8755
64600,64650,10157,7374,10157,8766
64650,64700,10168,7380,10168,8777
64700,64750,10179,7386,10179,8788
64750,64800,10190,7392,10190,8799
64800,64850,10201,7398,10201,8810
64850,64900,10212,7404,10212,8821
64900,64950,10223,7410,10223,8832
64950,65000,10234,7416,10234,8843
65000,65050,10245,7422,10245,8854
65050,65100,10256,7428,10256,8865
65100,65150,10267,7434,10267,8876
65150,65200,10278,7440,10278,8887
65200,65250,10289,7446,10289,8898
65250,65300,10300,7452,10300,8909
65300,65350,10311,7458,10311,8920
65350,65400,10322,7464,10322,8931
65400,65450,10333,7470,10333,8942
65450,65500,10344,7476,10344,8953
65500,65550,10355,7482,10355,8964
65550,65600,10366,7488,10366,8975
65600,65650,10377,7494,10377,8986
65650,65700,10388,7500,10388,8997
65700,65750,10399,7506,10399,9008
65750,65800,10410,7512,10410,9019
65800,65850,10421,7518,10421,9030
65850,65900,10432,7524,10432,9041
65900,65950,10443,7530,10443,9052
65950,66000,10454,7536,10454,9063
66000,66050,10465,7542,10465,9074
66050,66100,10476,7548,10476,9085
66100,66150,10487,7554,10487,9096
66150,66200,10498,7560,10498,9107
66200,66250,10509,7566,10509,9118
66250,66300,10520,7572,10520,9129
66300,66350,10531,7578,10531,9140
66350,66400,10542,7584,10542,9151
66400,66450,10553,7590,10553,9162
66450,66500,10564,7596,10564,9173
66500,66550,10575,7602,10575,9184
66550,66600,10586,7608,10586,9195
66600,66650,10597,7614,10597,9206
66650,66700,10608,7620,10608,9217
66700,66750,10619,7626,10619,9228
66750,66800,10630,7632,10630,9239
66800,66850,10641,7638,10641,9250
66850,66900,10652,7644,10652,9261
66900,66950,10663,7650,10663,9272
66950,67000,10674,7656,10674,9283
67000,67050,10685,7662,10685,9294
67050,67100,10696,7668,10696,9305
67100,67150,10707,7674,10707,9316
67150,67200,10718,7680,10718,9327
67200,67250,10729,7686,10729,9338
67250,67300,10740,7692,10740,9349
67300,67350,10751,7698,10751,9360
67350,67400,10762,7704,10762,9371
67400,67450,10773,7710,10773,9382
67450,67500,10784,7716,10784,9393
67500,67550,10795,7722,10795,9404
67550,67600,10806,7728,10806,9415
67600,67650,10817,7734,10817,9426
67650,67700,10828,7740,10828,9437
67700,67750,10839,7746,10839,9448
67750,67800,10850,7752,10850,9459
67800,67850,10861,7758,10861,9470
67850,67900,10872,7764,10872,9481
67900,67950,10883,7770,10883,9492
67950,68000,10894,7776,10894,9503
68000,68050,10905,7782,10905,9514
68050,68100,10916,7788,10916,9525
68100,68150,10927,7794,10927,9536
68150,68200,10938,7800,10938,9547
68200,68250,10949,7806,10949,9558
68250,68300,10960,7812,10960,9569
68300,68350,10971,7818,10971,9580
68350,68400,10982,7824,10982,9591
68400,68450,10993,7830,10993,9602
68450,68500,11004,7836,11004,9613
68500,68550,11015,7842,11015,9624
68550,68600,11026,7848,11026,9635
68600,68650,11037,7854,11037,9646
68650,68700,11048,7860,11048,9657
68700,68750,11059,7866,11059,9668
68750,68800,11070,7872,11070,9679
68800,68850,11081,7878,11081,9690
68850,68900,11092,7884,11092,9701
68900,68950,11103,7890,11103,9712
68950,69000,11114,7896,11114,9723
69000,69050,11125,7902,11125,9734
69050,69100,11136,7908,11136,9745
69100,69150,11147,7914,11147,9756
69150,69200,11158,7920,11158,9767
69200,69250,11169,7926,11169,9778
69250,69300,11180,7932,11180,9789
69300,69350,11191,7938,11191,9800
69350,69400,11202,7944,11202,9811
69400,69450,11213,7950,11213,9822
69450,69500,11224,7956,11224,9833
69500,69550,11235,7962,11235,9844
69550,69600,11246,7968,11246,9855
69600,69650,11257,7974,11257,9866
69650,69700,11268,7980,11268,9877
69700,69750,11279,7986,11279,9888
69750,69800,11290,7992,11290,9899
69800,69850,11301,7998,11301,9910
69850,69900,11312,8004,11312,9921
69900,69950,11323,8010,11323,9932
69950,70000,11334,8016,11334,9943
70000,70050,11345,8022,11345,9954
70050,70100,11356,8028,11356,9965
70100,70150,11367,8034,11367,9976
70150,70200,11378,8040,11378,9987
70200,70250,11389,8046,11389,9998
70250,70300,11400,8052,11400,10009
70300,70350,11411,8058,11411,10020
70350,70400,11422,8064,11422,10031
70400,70450,11433,8070,11433,10042
70450,70500,11444,8076,11444,10053
70500,70550,11455,8082,11455,10064
70550,70600,11466,8088,11466,10075
70600,70650,11477,8094,11477,10086
70650,70700,11488,8100,11488,10097
70700,70750,11499,8106,11499,10108
70750,70800,11510,8112,11510,10119
70800,70850,11521,8118,11521,10130
70850,70900,11532,8124,11532,10141
70900,70950,11543,8130,11543,10152
70950,71000,11554,8136,11554,10163
71000,71050,11565,8142,11565,10174
71050,71100,11576,8148,11576,10185
71100,71150,11587,8154,11587,10196
71150,71200,11598,8160,11598,10207
71200,71250,11609,8166,11609,10218
71250,71300,11620,8172,11620,10229
71300,71350,11631,8178,11631,10240
71350,71400,11642,8184,11642,10251
71400,71450,11653,8190,11653,10262
71450,71500,11664,8196,11664,10273
71500,71550,11675,8202,11675,10284
71550,71600,11686,8208,11686,10295
71600,71650,11697,8214,11697,10306
71650,71700,11708,8220,11708,10317
71700,71750,11719,8226,11719,10328
71750,71800,11730,8232,11730,10339
71800,71850,11741,8238,11741,10350
71850,71900,11752,8244,11752,10361
71900,71950,11763,8250,11763,10372
71950,72000,11774,8256,11774,10383
72000,72050,11785,8262,11785,10394
72050,72100,11796,8268,11796,10405
72100,72150,11807,8274,11807,10416
72150,72200,11818,8280,11818,10427
72200,72250,11829,8286,11829,10438
72250,72300,11840,8292,11840,10449
72300,72350,11851,8298,11851,10460
72350,72400,11862,8304,11862,10471
72400,72450,11873,8310,11873,10482
72450,72500,11884,8316,11884,10493
72500,72550,11895,8322,11895,10504
72550,72600,11906,8328,11906,10515
72600,72650,11917,8334,11917,10526
72650,72700,11928,8340,11928,10537
72700,72750,11939,8346,11939,10548
72750,72800,11950,8352,11950,10559
72800,72850,11961,8358,11961,10570
72850,72900,11972,8364,11972,10581
72900,72950,11983,8370,11983,10592
72950,73000,11994,8376,11994,10603
73000,73050,12005,8382,12005,10614
73050,73100,12016,8388,12016,10625
73100,73150,12027,8394,12027,10636
73150,73200,12038,8400,12038,10647
73200,73250,12049,8406,12049,10658
73250,73300,12060,8412,12060,10669
73300,73350,12071,8418,12071,10680
73350,73400,12082,8424,12082,10691
73400,73450,12093,8430,12093,10702
73450,73500,12104,8436,12104,10713
73500,73550,12115,8442,12115,10724
73550,73600,12126,8448,12126,10735
73600,73650,12137,8454,12137,10746
73650,73700,12148,8460,12148,10757
73700,73750,12159,8466,12159,10768
73750,73800,12170,8472,12170,10779
73800,73850,12181,8478,12181,10790
73850,73900,12192,8484,12192,10801
73900,73950,12203,8490,12203,10812
73950,74000,12214,8496,12214,10823
74000,74050,12225,8502,12225,10834
74050,74100,12236,8508,12236,10845
74100,74150,12247,8514,12247,10856
74150,74200,12258,8520,12258,10867
74200,74250,12269,8526,12269,10878
74250,74300,12280,8532,12280,10889
74300,74350,12291,8538,12291,10900
74350,74400,12302,8544,12302,10911
74400,74450,12313,8550,12313,10922
74450,74500,12324,8556,12324,10933
74500,74550,12335,8562,12335,10944
74550,74600,12346,8568,12346,10955
74600,74650,12357,8574,12357,10966
74650,74700,12368,8580,12368,10977
74700,74750,12379,8586,12379,10988
74750,74800,12390,8592,12390,10999
74800,74850,12401,8598,12401,11010
74850,74900,12412,8604,12412,11021
74900,74950,12423,8610,12423,11032
74950,75000,12434,8616,12434,11043
75000,75050,12445,8622,12445,11054
75050,75100,12456,8628,12456,11065
75100,75150,12467,8634,12467,11076
75150,75200,12478,8640,12478,11087
75200,75250,12489,8646,12489,11098
75250,75300,12500,8652,12500,11109
75300,75350,12511,8658,12511,11120
75350,75400,12522,8664,12522,11131
75400,75450,12533,8670,12533,11142
75450,75500,12544,8676,12544,11153
75500,75550,12555,8682,12555,11164
75550,75600,12566,8688,12566,11175
75600,75650,12577,8694,12577,11186
75650,75700,12588,8700,12588,11197
75700,75750,12599,8706,12599,11208
75750,75800,12610,8712,12610,11219
75800,75850,12621,8718,12621,11230
75850,75900,12632,8724,12632,11241
75900,75950,12643,8730,12643,11252
75950,76000,12654,8736,12654,11263
76000,76050,12665,8742,12665,11274
76050,76100,12676,8748,12676,11285
76100,76150,12687,8754,12687,11296
76150,76200,12698,8760,12698,11307
76200,76250,12709,8766,12709,11318
76250,76300,12720,8772,12720,11329
76300,76350,12731,8778,12731,11340
76350,76400,12742,8784,12742,11351
76400,76450,12753,8790,12753,11362
76450,76500,12764,8796,12764,11373
76500,76550,12775,8802,12775,11384
76550,76600,12786,8808,12786,11395
76600,76650,12797,8814,12797,11406
76650,76700,12808,8820,12808,11417
76700,76750,12819,8826,12819,11428
76750,76800,12830,8832,12830,11439
76800,76850,12841,8838,12841,11450
76850,76900,12852,8844,12852,11461
76900,76950,12863,8850,12863,11472
76950,77000,12874,8856,12874,11483
77000,77050,12885,8862,12885,11494
77050,77100,12896,8868,12896,11505
77100,77150,12907,8874,12907,11516
77150,77200,12918,8880,12918,11527
77200,77250,12929,8886,12929,11538
77250,77300,12940,8892,12940,11549
77300,77350,12951,8898,12951,11560
77350,77400,12962,8904,12962,11571
77400,77450,12973,8913,12973,11582
77450,77500,12984,8924,12984,11593
77500,77550,12995,8935,12995,11604
77550,77600,13006,8946,13006,11615
77600,77650,13017,8957,13017,11626
77650,77700,13028,8968,13028,11637
77700,77750,13039,8979,13039,11648
77750,77800,13050,8990,13050,11659
77800,77850,13061,9001,13061,11670
77850,77900,13072,9012,13072,11681
77900,77950,13083,9023,13083,11692
77950,78000,13094,9034,13094,11703
78000,78050,13105,9045,13105,11714
78050,78100,13116,9056,13116,11725
78100,78150,13127,9067,13127,11736
78150,78200,13138,9078,13138,11747
78200,78250,13149,9089,13149,11758
78250,78300,13160,9100,13160,11769
78300,78350,13171,9111,13171,11780
78350,78400,13182,9122,13182,11791
78400,78450,13193,9133,13193,11802
78450,78500,13204,9144,13204,11813
78500,78550,13215,9155,13215,11824
78550,78600,13226,9166,13226,11835
78600,78650,13237,9177,13237,11846
78650,78700,13248,9188,13248,11857
78700,78750,13259,9199,13259,11868
78750,78800,13270,9210,13270,11879
78800,78850,13281,9221,13281,11890
78850,78900,13292,9232,13292,11901
78900,78950,13303,9243,13303,11912
78950,79000,13314,9254,13314,11923
79000,79050,13325,9265,13325,11934
79050,79100,13336,9276,13336,11945
79100,79150,13347,9287,13347,11956
79150,79200,13358,9298,13358,11967
79200,79250,13369,9309,13369,11978
79250,79300,13380,9320,13380,11989
79300,79350,13391,9331,13391,12000
79350,79400,13402,9342,13402,12011
79400,79450,13413,9353,13413,12022
79450,79500,13424,9364,13424,12033
79500,79550,13435,9375,13435,12044
79550,79600,13446,9386,13446,12055
79600,79650,13457,9397,13457,12066
79650,79700,13468,9408,13468,12077
79700,79750,13479,9419,13479,12088
79750,79800,13490,9430,13490,12099
79800,79850,13501,9441,13501,12110
79850,79900,13512,9452,13512,12121
79900,79950,13523,9463,13523,12132
79950,80000,13534,9474,13534,12143
80000,80050,13545,9485,13545,12154
80050,80100,13556,9496,13556,12165
80100,80150,13567,9507,13567,12176
80150,80200,13578,9518,13578,12187
80200,80250,13589,9529,13589,12198
80250,80300,13600,9540,13600,12209
80300,80350,13611,9551,13611,12220
80350,80400,13622,9562,13622,12231
80400,80450,13633,9573,13633,12242
80450,80500,13644,9584,13644,12253
80500,80550,13655,9595,13655,12264
80550,80600,13666,9606,13666,12275
80600,80650,13677,9617,13677,12286
80650,80700,13688,9628,13688,12297
80700,80750,13699,9639,13699,12308
80750,80800,13710,9650,13710,12319
80800,80850,13721,9661,13721,12330
80850,80900,13732,9672,13732,12341
80900,80950,13743,9683,13743,12352
80950,81000,13754,9694,13754,12363
81000,81050,13765,9705,13765,12374
81050,81100,13776,9716,13776,12385
81100,81150,13787,9727,13787,12396
81150,81200,13798,9738,13798,12407
81200,81250,13809,9749,13809,12418
81250,81300,13820,9760,13820,12429
81300,81350,13831,9771,13831,12440
81350,81400,13842,9782,13842,12451
81400,81450,13853,9793,13853,12462
81450,81500,13864,9804,13864,12473
81500,81550,13875,9815,13875,12484
81550,81600,13886,9826,13886,12495
81600,81650,13897,9837,13897,12506
81650,81700,13908,9848,13908,12517
81700,81750,13919,9859,13919,12528
81750,81800,13930,9870,13930,12539
81800,81850,13941,9881,13941,12550
81850,81900,13952,9892,13952,12561
81900,81950,13963,9903,13963,12572
81950,82000,13974,9914,13974,12583
82000,82050,13985,9925,13985,12594
82050,82100,13996,9936,13996,12605
82100,82150,14007,9947,14007,12616
82150,82200,14018,9958,14018,12627
82200,82250,14029,9969,14029,12638
82250,82300,14040,9980,14040,12649
82300,82350,14051,9991,14051,12660
82350,82400,14062,10002,14062,12671
82400,82450,14073,10013,14073,12682
82450,82500,14084,10024,14084,12693
82500,82550,14096,10035,14096,12704
82550,82600,14108,10046,14108,12716
82600,82650,14120,10057,14120,12728
82650,82700,14132,10068,14132,12740
82700,82750,14144,10079,14144,12752
82750,82800,14156,10090,14156,12764
82800,82850,14168,10101,14168,12776
82850,82900,14180,10112,14180,12788
82900,82950,14192,10123,14192,12800
82950,83000,14204,10134,14204,12812
83000,83050,14216,10145,14216,12824
83050,83100,14228,10156,14228,12836
83100,83150,14240,10167,14240,12848
83150,83200,14252,10178,14252,12860
83200,83250,14264,10189,14264,12872
83250,83300,14276,10200,14276,12884
83300,83350,14288,10211,14288,12896
83350,83400,14300,10222,14300,12908
83400,83450,14312,10233,14312,12920
83450,83500,14324,10244,14324,12932
83500,83550,14336,10255,14336,12944
83550,83600,14348,10266,14348,12956
83600,83650,14360,10277,14360,12968
83650,83700,14372,10288,14372,12980
83700,83750,14384,10299,14384,12992
83750,83800,14396,10310,14396,13004
83800,83850,14408,10321,14408,13016
83850,83900,14420,10332,14420,13028
83900,83950,14432,10343,14432,13040
83950,84000,14444,10354,14444,13052
84000,84050,14456,10365,14456,13064
84050,84100,14468,10376,14468,13076
84100,84150,14480,10387,14480,13088
84150,84200,14492,10398,14492,13100
84200,84250,14504,10409,14504,13112
84250,84300,14516,10420,14516,13124
84300,84350,14528,10431,14528,13136
84350,84400,14540,10442,14540,13148
84400,84450,14552,10453,14552,13160
84450,84500,14564,10464,14564,13172
84500,84550,14576,10475,14576,13184
84550,84600,14588,10486,14588,13196
84600,84650,14600,10497,14600,13208
84650,84700,14612,10508,14612,13220
84700,84750,14624,10519,14624,13232
84750,84800,14636,10530,14636,13244
84800,84850,14648,10541,14648,13256
84850,84900,14660,10552,14660,13268
84900,84950,14672,10563,14672,13280
84950,85000,14684,10574,14684,13292
85000,85050,14696,10585,14696,13304
85050,85100,14708,10596,14708,13316
85100,85150,14720,10607,14720,13328
85150,85200,14732,10618,14732,13340
85200,85250,14744,10629,14744,13352
85250,85300,14756,10640,14756,13364
85300,85350,14768,10651,14768,13376
85350,85400,14780,10662,14780,13388
85400,85450,14792,10673,14792,13400
85450,85500,14804,10684,14804,13412
85500,85550,14816,10695,14816,13424
85550,85600,14828,10706,14828,13436
85600,85650,14840,10717,14840,13448
85650,85700,14852,10728,14852,13460
85700,85750,14864,10739,14864,13472
85750,85800,14876,10750,14876,13484
85800,85850,14888,10761,14888,13496
85850,85900,14900,10772,14900,13508
85900,85950,14912,10783,14912,13520
85950,86000,14924,10794,14924,13532
86000,86050,14936,10805,14936,13544
86050,86100,14948,10816,14948,13556
86100,86150,14960,10827,14960,13568
86150,86200,14972,10838,14972,13580
86200,86250,14984,10849,14984,13592
86250,86300,14996,10860,14996,13604
86300,86350,15008,10871,15008,13616
86350,86400,15020,10882,15020,13628
86400,86450,15032,10893,15032,13640
86450,86500,15044,10904,15044,13652
86500,86550,15056,10915,15056,13664
86550,86600,15068,10926,15068,13676
86600,86650,15080,10937,15080,13688
86650,86700,15092,10948,15092,13700
86700,86750,15104,10959,15104,13712
86750,86800,15116,10970,15116,13724
86800,86850,15128,10981,15128,13736
86850,86900,15140,10992,15140,13748
86900,86950,15152,11003,15152,13760
86950,87000,15164,11014,15164,13772
87000,87050,15176,11025,15176,13784
87050,87100,15188,11036,15188,13796
87100,87150,15200,11047,15200,13808
87150,87200,15212,11058,15212,13820
87200,87250,15224,11069,15224,13832
87250,87300,15236,11080,15236,13844
87300,87350,15248,11091,15248,13856
87350,87400,15260,11102,15260,13868
87400,87450,15272,11113,15272,13880
87450,87500,15284,11124,15284,13892
87500,87550,15296,11135,15296,13904
87550,87600,15308,11146,15308,13916
87600,87650,15320,11157,15320,13928
87650,87700,15332,11168,15332,13940
87700,87750,15344,11179,15344,13952
87750,87800,15356,11190,15356,13964
87800,87850,15368,11201,15368,13976
87850,87900,15380,11212,15380,13988
87900,87950,15392,11223,15392,14000
87950,88000,15404,11234,15404,14012
88000,88050,15416,11245,15416,14024
88050,88100,15428,11256,15428,14036
88100,88150,15440,11267,15440,14048
88150,88200,15452,11278,15452,14060
88200,88250,15464,11289,15464,14072
88250,88300,15476,11300,15476,14084
88300,88350,15488,11311,15488,14096
88350,88400,15500,11322,15500,14108
88400,88450,15512,11333,15512,14120
88450,88500,15524,11344,15524,14132
88500,88550,15536,11355,15536,14144
88550,88600,15548,11366,15548,14156
88600,88650,15560,11377,15560,14168
88650,88700,15572,11388,15572,14180
88700,88750,15584,11399,15584,14192
88750,88800,15596,11410,15596,14204
88800,88850,15608,11421,15608,14216
88850,88900,15620,11432,15620,14228
88900,88950,15632,11443,15632,14240
88950,89000,15644,11454,15644,14252
89000,89050,15656,11465,15656,14264
89050,89100,15668,11476,15668,14276
89100,89150,15680,11487,15680,14288
89150,89200,15692,11498,15692,14300
89200,89250,15704,11509,15704,14312
89250,89300,15716,11520,15716,14324
89300,89350,15728,11531,15728,14336
89350,89400,15740,11542,15740,14348
89400,89450,15752,11553,15752,14360
89450,89500,15764,11564,15764,14372
89500,89550,15776,11575,15776,14384
89550,89600,15788,11586,15788,14396
89600,89650,15800,11597,15800,14408
89650,89700,15812,11608,15812,14420
89700,89750,15824,11619,15824,14432
89750,89800,15836,11630,15836,14444
89800,89850,15848,11641,15848,14456
89850,89900,15860,11652,15860,14468
89900,89950,15872,11663,15872,14480
89950,90000,15884,11674,15884,14492
90000,90050,15896,11685,15896,14504
90050,90100,15908,11696,15908,14516
90100,90150,15920,11707,15920,14528
90150,90200,15932,11718,15932,14540
90200,90250,15944,11729,15944,14552
90250,90300,15956,11740,15956,14564
90300,90350,15968,11751,15968,14576
90350,90400,15980,11762,15980,14588
90400,90450,15992,11773,15992,14600
90450,90500,16004,11784,16004,14612
90500,90550,16016,11795,16016,14624
90550,90600,16028,11806,16028,14636
90600,90650,16040,11817,16040,14648
90650,90700,16052,11828,16052,14660
90700,90750,16064,11839,16064,14672
90750,90800,16076,11850,16076,14684
90800,90850,16088,11861,16088,14696
90850,90900,16100,11872,16100,14708
90900,90950,16112,11883,16112,14720
90950,91000,16124,11894,16124,14732
91000,91050,16136,11905,16136,14744
91050,91100,16148,11916,16148,14756
91100,91150,16160,11927,16160,14768
91150,91200,16172,11938,16172,14780
91200,91250,16184,11949,16184,14792
91250,91300,16196,11960,16196,14804
91300,91350,16208,11971,16208,14816
91350,91400,16220,11982,16220,14828
91400,91450,16232,11993,16232,14840
91450,91500,16244,12004,16244,14852
91500,91550,16256,12015,16256,14864
91550,91600,16268,12026,16268,14876
91600,91650,16280,12037,16280,14888
91650,91700,16292,12048,16292,14900
91700,91750,16304,12059,16304,14912
91750,91800,16316,12070,16316,14924
91800,91850,16328,12081,16328,14936
91850,91900,16340,12092,16340,14948
91900,91950,16352,12103,16352,14960
91950,92000,16364,12114,16364,14972
92000,92050,16376,12125,16376,14984
92050,92100,16388,12136,16388,14996
92100,92150,16400,12147,16400,15008
92150,92200,16412,12158,16412,15020
92200,92250,16424,12169,16424,15032
92250,92300,16436,12180,16436,15044
92300,92350,16448,12191,16448,15056
92350,92400,16460,12202,16460,15068
92400,92450,16472,12213,16472,15080
92450,92500,16484,12224,16484,15092
92500,92550,16496,12235,16496,15104
92550,92600,16508,12246,16508,15116
92600,92650,16520,12257,16520,15128
92650,92700,16532,12268,16532,15140
92700,92750,16544,12279,16544,15152
92750,92800,16556,12290,16556,15164
92800,92850,16568,12301,16568,15176
92850,92900,16580,12312,16580,15188
92900,92950,16592,12323,16592,15200
92950,93000,16604,12334,16604,15212
93000,93050,16616,12345,16616,15224
93050,93100,16628,12356,16628,15236
93100,93150,16640,12367,16640,15248
93150,93200,16652,12378,16652,15260
93200,93250,16664,12389,16664,15272
93250,93300,16676,12400,16676,15284
93300,93350,16688,12411,16688,15296
93350,93400,16700,12422,16700,15308
93400,93450,16712,12433,16712,15320
93450,93500,16724,12444,16724,15332
93500,93550,16736,12455,16736,15344
93550,93600,16748,12466,16748,15356
93600,93650,16760,12477,16760,15368
93650,93700,16772,12488,16772,15380
93700,93750,16784,12499,16784,15392
93750,93800,16796,12510,16796,15404
93800,93850,16808,12521,16808,15416
93850,93900,16820,12532,16820,15428
93900,93950,16832,12543,16832,15440
93950,94000,16844,12554,16844,15452
94000,94050,16856,12565,16856,15464
94050,94100,16868,12576,16868,15476
94100,94150,16880,12587,16880,15488
94150,94200,16892,12598,16892,15500
94200,94250,16904,12609,16904,15512
94250,94300,16916,12620,16916,15524
94300,94350,16928,12631,16928,15536
94350,94400,16940,12642,16940,15548
94400,94450,16952,12653,16952,15560
94450,94500,16964,12664,16964,15572
94500,94550,16976,12675,16976,15584
94550,94600,16988,12686,16988,15596
94600,94650,17000,12697,17000,15608
94650,94700,17012,12708,17012,15620
94700,94750,17024,12719,17024,15632
94750,94800,17036,12730,17036,15644
94800,94850,17048,12741,17048,15656
94850,94900,17060,12752,17060,15668
94900,94950,17072,12763,17072,15680
94950,95000,17084,12774,17084,15692
95000,95050,17096,12785,17096,15704
95050,95100,17108,12796,17108,15716
95100,95150,17120,12807,17120,15728
95150,95200,17132,12818,17132,15740
95200,95250,17144,12829,17144,15752
95250,95300,17156,12840,17156,15764
95300,95350,17168,12851,17168,15776
95350,95400,17180,12862,17180,15788
95400,95450,17192,12873,17192,15800
95450,95500,17204,12884,17204,15812
95500,95550,17216,12895,17216,15824
95550,95600,17228,12906,17228,15836
95600,95650,17240,12917,17240,15848
95650,95700,17252,12928,17252,15860
95700,95750,17264,12939,17264,15872
95750,95800,17276,12950,17276,15884
95800,95850,17288,12961,17288,15896
95850,95900,17300,12972,17300,15908
95900,95950,17312,12983,17312,15920
95950,96000,17324,12994,17324,15932
96000,96050,17336,13005,17336,15944
96050,96100,17348,13016,17348,15956
96100,96150,17360,13027,17360,15968
96150,96200,17372,13038,17372,15980
96200,96250,17384,13049,17384,15992
96250,96300,17396,13060,17396,16004
96300,96350,17408,13071,17408,16016
96350,96400,17420,13082,17420,16028
96400,96450,17432,13093,17432,16040
96450,96500,17444,13104,17444,16052
96500,96550,17456,13115,17456,16064
96550,96600,17468,13126,17468,16076
96600,96650,17480,13137,17480,16088
96650,96700,17492,13148,17492,16100
96700,96750,17504,13159,17504,16112
96750,96800,17516,13170,17516,16124
96800,96850,17528,13181,17528,16136
96850,96900,17540,13192,17540,16148
96900,96950,17552,13203,17552,16160
96950,97000,17564,13214,17564,16172
97000,97050,17576,13225,17576,16184
97050,97100,17588,13236,17588,16196
97100,97150,17600,13247,17600,16208
97150,97200,17612,13258,17612,16220
97200,97250,17624,13269,17624,16232
97250,97300,17636,13280,17636,16244
97300,97350,17648,13291,17648,16256
97350,97400,17660,13302,17660,16268
97400,97450,17672,13313,17672,16280
97450,97500,17684,13324,17684,16292
97500,97550,17696,13335,17696,16304
97550,97600,17708,13346,17708,16316
97600,97650,17720,13357,17720,16328
97650,97700,17732,13368,17732,16340
97700,97750,17744,13379,17744,16352
97750,97800,17756,13390,17756,16364
97800,97850,17768,13401,17768,16376
97850,97900,17780,13412,17780,16388
97900,97950,17792,13423,17792,16400
97950,98000,17804,13434,17804,16412
98000,98050,17816,13445,17816,16424
98050,98100,17828,13456,17828,16436
98100,98150,17840,13467,17840,16448
98150,98200,17852,13478,17852,16460
98200,98250,17864,13489,17864,16472
98250,98300,17876,13500,17876,16484
98300,98350,17888,13511,17888,16496
98350,98400,17900,13522,17900,16508
98400,98450,17912,13533,17912,16520
98450,98500,17924,13544,17924,16532
98500,98550,17936,13555,17936,16544
98550,98600,17948,13566,17948,16556
98600,98650,17960,13577,17960,16568
98650,98700,17972,13588,17972,16580
98700,98750,17984,13599,17984,16592
98750,98800,17996,13610,17996,16604
98800,98850,18008,13621,18008,16616
98850,98900,18020,13632,18020,16628
98900,98950,18032,13643,18032,16640
98950,99000,18044,13654,18044,16652
99000,99050,18056,13665,18056,16664
99050,99100,18068,13676,18068,16676
99100,99150,18080,13687,18080,16688
99150,99200,18092,13698,18092,16700
99200,99250,18104,13709,18104,16712
99250,99300,18116,13720,18116,16724
99300,99350,18128,13731,18128,16736
99350,99400,18140,13742,18140,16748
99400,99450,18152,13753,18152,16760
99450,99500,18164,13764,18164,16772
99500,99550,18176,13775,18176,16784
99550,99600,18188,13786,18188,16796
99600,99650,18200,13797,18200,16808
99650,99700,18212,13808,18212,16820
99700,99750,18224,13819,18224,16832
99750,99800,18236,13830,18236,16844
99800,99850,18248,13841,18248,16856
99850,99900,18260,13852,18260,16868
99900,99950,18272,13863,18272,16880
99950,100000,18284,13874,18284,16892
